,GAN,WGAN,WGANGP
encounter_id,0.1512934856822863,0,0.1700085665811376
patient_nbr,0.1858747581736071,0,0.18781947014811673
time_in_hospital,0.0,0,0.41739953538787455
num_lab_procedures,0.8579413364924902,0,0.09833505896507122
num_procedures,0.0,0,0.503161753813768
num_medications,0.12049374623227649,0,0.13776772615041355
number_outpatient,0.0,0,0.7239137960164685
number_emergency,0.0,0,0.792424016805662
number_inpatient,0.0,0,0.5528199797169651
number_diagnoses,0.0,0,0.05461345828727482
